open,high,low,close,volume
126.2,127.09,125.06,125.16,43757238
125.34,125.74,123.9,124.5,36619021
123.09,123.61,122.12,122.9,36954251
123.34,123.94,122.57,123.42,28564287
123.15,123.5,122.27,122.98,29151460
122.3,122.58,121.73,122.37,28321079
122.6,122.64,120.91,121.46,35654023
121.5,122.57,117.52,118.45,63302248
117.31,117.83,113.37,114.75,109054693
112.97,117.44,112.1,115.39,89734198
115.97,116.5,114.115,115.14,47041153
114.57,116.25,114.5,115.54,34461818
116.53,119.99,116.53,119.72,48978027
117.97,118.18,113.33,113.55,87651994
112.54,115.42,109.63,115.26,91729103
116.04,116.4,114.54,115.17,43747902
114.32,116.31,114.01,115.96,38654095
116.04,117.65,115.5,117.17,37270383
116.43,117.44,116.01,116.5,31024755
116.1,116.52,114.68,115.02,42396570
114.08,114.35,111.63,112.65,61362472
110.43,111.9,105.64,105.77,111370920
94.9,108.8,92,103.1299,136552536
111.1,111.15,103.5,103.75,86740874
107.05,109.89,105.05,109.7,83484085
112.23,113.24,110.02,112.92,73033725
112.17,113.32,111.54,113.29,46648635
112.03,114.53,112,112.71,48509515
110.18,111.88,107.36,107.73,66895181
110.33,112.33,109.131,112.33,52140654
112.48,112.78,110.04,110.34,46256514
108.97,110.45,108.51,109.17,42384972
111.65,112.56,110.32,112.31,45676681
113.76,114.02,109.77,110.1456,74790029
110.27,113.2825,109.9,112.59,55770719
111.79,114.2,111.76,114.2,43420449
116.58,116.89,114.86,115.3379,50093448
115.93,116.53,114.42,116.27,38309927
116.22,116.54,115.44,116.42,32972156
115.66,116.49,113.715,113.93,55411341
112.21,114.3,111.87,113.4899,55034822
113.67,115.37,113.66,115.22,39660260
113.38,114.18,112.5201,113.37,41894057
113.57,114.72,113.3,114.34,31999161
113.23,115.5,112.37,115,42181657
116.44,116.69,114.02,114.75,48999357
113.85,114.57,112.45,112.46,43020371
112.83,113.51,107.86,109.06,65493032
110.26,111.54,108.73,110.29,56098661
109.07,109.62,107.31,109.57,54079654
108.01,111.0136,107.55,110.28,49624798
109.87,111.3698,109.07,110.64,44584740
110.63,111.74,109.765,111.33,43041970
111.74,111.77,109.41,110.77,42226434
110.19,110.19,108.21,109.5,54898152
110,112.28,109.49,112.12,45920837
112.73,112.75,111.44,111.5801,26605967
110.82,112.45,110.68,111.79,28502402
111.29,111.52,109.56,110.21,39014295
110.93,112.1,110.49,111.85,33030464
111.78,112,110.53,111.02,33253074
110.8,111.75,110.11,111.73,25685587
111.34,114.17,110.82,113.8,43767752
114,115.58,113.7,113.76,37554682
114.33,115.5,114.1,115.49,36107370
116.7,119.228,116.33,119.09,51888184
118.08,118.13,114.92,115.27,58444017
115.4,116.54,113.99,114.58,50616331
116.93,119.3,116.06,119.3,77126335
118.7,120.69,118.27,120.53,44522780
120.99,121.22,119.45,119.505,41852969
119.87,121.36,119.61,121.19,28020028
120.79,123.49,120.7,122.59,39175176
123.13,123.82,121.62,121.95,37086643
121.85,122.69,120.18,120.91,33022644
121.11,121.81,120.62,121.06,27916777
120.96,121.81,120.05,120.58,26803176
116.9,118.07,116.061,116.78,50886515
116.37,117.42,115.21,116.11,41313334
116.26,116.82,115.65,115.74,28449600
115.2,115.57,112.27,112.33,40048909
111.38,114.24,111,114.18,32151889
114.92,115.05,113.32,113.67,24140379
115.76,117.49,115.5,117.2814,40578944
117.64,119.75,116.76,118.78,37750300
119.2,119.92,118.85,119.3,28614828
119.27,119.73,117.34,117.75,26296339
117.33,119.35,117.12,118.91,33371563
119.21,119.23,117.92,118.02,18054948
118.29,118.41,117.6,117.82,10511723
117.99,119.41,117.75,118.37,27978094
118.75,118.81,116.86,117.29,29966784
117.05,118.11,116.08,116.3,27552287
116.55,116.79,114.22,115.2,33603350
115.29,119.25,115.11,119,48715170
118.94,119.86,117.81,118.27,27923762
117.52,118.6,116.86,118.24,28860830
117.51,117.69,115.08,115.63,37928616
116.04,116.94,115.51,116.18,25350609
115.21,115.39,112.851,113.17,39275473
112.18,112.68,109.79,112.47,55540184
111.94,112.8,110.35,110.49,46145532
111.07,111.99,108.8,111.34,49686361
112.02,112.17,108.99,108.9999,39052007
108.91,109.52,105.81,105.95,60812399
107.28,107.37,105.57,107.32,37995834
107.4,107.72,106.451,107.21,27743975
107.27,108.85,107.2,108.61,26142448
109,109,107.95,108.03,11507846
107.59,107.69,106.1807,106.82,22679045
106.96,109.43,106.86,108.74,26689824
108.58,108.7,107.18,107.32,20647576
107.01,107.03,104.82,105.2299,34407732
102.61,105.368,102,105.33,47840273
105.75,105.85,102.41,102.71,47319218
100.56,102.37,99.87,100.7,60124085
98.68,100.13,96.43,96.54,68083100
98.55,99.11,96.76,96.98,60400480
98.97,99.06,97.34,98.53,42721303
100.55,100.69,98.8399,99.96,41812613
100.32,101.19,97.3,97.41,55622868
97.96,100.48,95.74,99.51,54777253
96.2,97.71,95.36,97.09,62629182
98.41,98.65,95.5,96.68,43391493
95.1,98.1897,93.42,96.81,62817353
97.06,97.88,94.94,96.26,42936023
98.63,101.46,98.37,101.42,57509112
101.52,101.53,99.21,99.466,41677693
99.93,100.88,98.07,99.98,55376442
96.04,96.6289,93.34,93.43,118812625
93.79,94.52,92.39,94.08,49345543
94.52,97.22,94.35,97.14,51178982
96.47,96.71,95.4,96.38,34645138
95.42,96.04,94.28,94.48,31366472
95,96.84,94.08,96.34,39060035
95.86,97.33,95.19,96.6,34453043
96.52,96.92,93.69,94.01,39757840
93.15,95.7,93.04,95.01,46800568
94.29,95.94,93.93,95.02,38799205
95.92,96.35,94.1,94.27,37234874
93.79,94.72,92.59,93.66,42738614
94.19,94.5,93.01,93.99,34389620
94.96,96.85,94.61,96.62,41327019
96.67,98.21,96.15,98.11,38114308
98.84,98.89,96.091,96.26,30537184
96,96.7599,95.8,96.03,28058950
96.31,96.9,95.92,96.87,29953526
96.4,96.5,94.55,94.69,25918605
93.98,96.38,93.32,96.1,31035570
96.05,96.76,95.25,96.76,23190207
97.2,98.0237,96.58,96.91,25138647
96.85,98.23,96.65,96.6501,25151829
97.69,100.77,97.42,100.53,44527222
100.51,100.89,99.64,100.73,28438012
100.58,101.7099,100.45,101.5,30574964
102.37,103.75,101.37,103.01,40276161
102.39,102.83,100.96,101.87,30869072
100.78,101.76,100.4,101.04,26756386
101.31,101.58,100.27,101.11,22629611
101.41,102.24,100.15,101.17,28819295
102.24,102.28,101.5,102.25,22251329
101.91,102.91,101.78,102.52,20440438
103.96,105.18,103.85,104.58,33328948
104.61,106.31,104.59,105.97,32804254
105.52,106.47,104.96,105.8,27830114
106.34,106.5,105.19,105.91,33514624
105.93,107.65,105.1401,105.91,30713719
105.25,107.29,105.21,106.74,26580707
106.48,107.07,105.9,106.14,22090263
105.47,106.25,104.89,105.66,21472996
106,106.19,105.06,105.19,15799738
104.89,107.79,104.88,107.68,26057319
108.65,110.42,108.6,109.59,38950603
109.72,109.9,108.88,108.96,19859405
108.78,110,108.2,109.96,20601979
110.42,112.19,110.27,111.1299,31875602
109.65,110.73,109.42,109.803,22556763
110.23,110.98,109.2,110.951,22315281
109.95,110.42,108.121,108.54,25673179
108.91,109.77,108.17,108.66,19868446
108.97,110.61,108.83,109.03,23700140
109.37,110.5,108.66,110.44,23749272
110.8,112.34,110.8,112.04,28494232
111.62,112.39,111.33,112.1,21602652
112.02,112.3,109.73,109.814,38138643
108.9,108.95,106.94,107.4,42246981
107.88,108,106.23,106.95,27179179
106.64,108.09,106.06,107.13,24254322
106.93,106.93,105.52,105.97,27406971
105.02,106.48,104.62,105.68,27562177
105,105.65,104.51,105.08,23906931
103.91,105.3,103.91,104.3,34900209
96,98.71,95.68,97.81,96061804
97.61,97.88,94.25,94.82,73560823
93.99,94.72,92.51,93.74,59167068
93.96,94.08,92.4,93.64,42747840
94.2,95.74,93.68,95.18,49908773
95.2,95.9,93.82,94.23,33529282
94,94.07,92.68,93.24,30332575
93.37,93.45,91.85,92.72,38967549
93,93.77,92.59,92.79,27212357
93.33,93.57,92.11,93.4,29906998
93.46,93.57,92.46,92.51,24194828
92.77,92.78,89.47,90.34,68769903
90.01,91.67,90,90.52,38788350
92.45,94.39,91.65,93.87,51078865
94.55,94.7,93.01,93.48,39312545
94.16,95.21,93.89,94.57,36439836
94.63,94.64,93.57,94.2,24660588
94.7,95.43,94.52,95.22,26446796
95.87,97.19,95.67,96.42,30951454
97.24,98.09,96.84,97.88,28951649
98.67,99.74,98.11,99.6,31725301
99.68,100.73,98.64,100.42,33891197
99.44,100.47,99.245,100.34,29593091
99.6,100.4,98.82,99.86,31528350
99.02,99.54,98.33,98.45,25516389
97.6,97.84,96.63,97.7,34788730
97.82,98.27,97.45,97.91,22951529
97.99,101.89,97.55,98.63,20113927
99.25,99.87,98.96,99.04,18758692
99.02,99.56,98.68,98.94,16837298
98.5,99.99,98.46,99.66,22845763
98.53,99.3457,98.48,98.84,25652617
98.6,99.12,97.1,97.34,32476423
97.32,98.475,96.75,97.46,27705093
97.82,98.41,97.03,97.14,23878753
96.45,97.75,96.07,97.57,27214290
96.62,96.65,95.3,95.32,41406592
96,96.57,95.03,95.1,29667484
94.94,96.35,94.676,95.91,30475772
96.25,96.89,95.35,95.56,24569301
95.94,96.29,95.25,96.09,26651509
92.91,94.655,92.65,93.37,49134871
93.05,93.06,91.5,92.04,38067632
92.9,93.66,92.14,93.59,33621613
93.97,94.55,93.63,94.4,30275659
94.45,95.77,94.3,95.61,27601620
95.49,96.465,95.33,95.9,21670724
95.39,95.4,94.46,95.02,21240524
94.6,95.66,94.37,95.53,27380102
95.7,96.5,95.62,95.94,20464128
96.5,96.89,96.05,96.68,23873178
96.75,97.65,96.74,96.98,19763388
97.17,97.7,97.12,97.42,20345046
97.41,97.67,96.84,96.87,20386726
97.39,98.99,97.32,98.79,34015014
98.92,99.3,98.5,98.76,25371141
98.7,100.13,98.6,99.83,31869476
99.56,100,99.34,99.87,19679641
99.92,100.46,99.735,99.93,22352896
99.82,101,99.13,99.42,26748726
99.26,99.3,98.31,98.66,23760993
98.25,98.84,96.92,97.32,33782230
96.82,97.97,96.42,96.6723,37090175
104.28,104.35,102.75,102.97,74887456
102.83,104.45,102.82,104.33,31977308
104.19,104.55,103.68,104.195,22004496
104.41,106.15,104.41,106.06,32921596
106.05,106.07,104,104.47,28848631
104.81,105.84,104.77,105.8,24378844
105.58,106,105.28,105.89,21958395
106.27,107.65,106.18,107.47,29026661
107.52,108.37,107.16,108.37,22108378
108.23,108.94,108.01,108.82,22122202
108.71,108.9,107.76,108,21030482
108.55,108.93,107.85,107.93,19297403
107.78,108.44,107.77,108.16,15993439
108.14,109.54,108.08,109.51,21544536
109.63,110.23,109.21,109.38,26748707
109.1,109.37,108.34,109.2,21357768
109.23,109.6,109.02,109.0811,16952803
108.78,109.69,108.36,109.36,21763758
108.86,109.04,107.85,108.5,21738942
108.59,109.32,108.53,108.83,16418018
108.57,108.75,107.68,108.04,19510444
107.39,108.03,106.68,107.59,21766919
107.41,107.95,106.31,106.94,23776955
106.62,107.44,106.29,106.82,20302223
105.8,106.5,102.98,105.99,20683070
105.66,106.5699,105.64,106.11,21169917
106.14,106.8,105.62,106.73,20447284
107.7,108,106.82,107.73,21641523
107.9,108.3,107.51,107.7,19034083
107.83,108.76,107.07,108.37,37721316
107.23,107.27,105.24,105.51,45676003
104.64,105.72,103.14,103.14,38335022
102.65,105.72,102.53,105.44,37817332
107.51,108.79,107.24,108.02,53380948
108.75,113.03,108.6,111.77,101893125
113.86,115.73,113.49,115.57,79345519
115.17,116.13,114.04,114.91,60151225
115.19,116.18,113.25,113.53,41185488
113.05,114.12,112.51,113.57,29835187
113.85,113.989,112.441,113.53,29556298
114.35,114.94,114,114.61,26551417
114.42,114.79,111.55,112.7049,47037844
111.64,113.39,111.55,112.87,24375141
113,113.18,112.34,113.11,19833234
113.69,114.64,113.43,113.95,25725498
113.16,113.8,111.8,112.18,32052749
112.48,113.37,111.8,113.03,28003656
112.71,113.05,112.28,112.51,17910308
113.06,114.31,112.63,113.02,26518801
113.4,113.66,112.69,113.04,17966455
113.7,114.34,113.13,113.91,24740644
114.31,114.56,113.51,114.03,21078163
115.06,116.75,114.72,116.05,31117606
117.65,118.69,116.2,116.34,54033397
117.35,117.98,116.75,117.35,33616928
116.79,117.44,115.72,116.99,31618670
117.88,118.17,117.13,117.63,29203895
117.33,117.84,116.78,117.55,19816218
118.18,118.21,117.45,117.45,19457641
117.25,117.76,113.8,117.12,17159909
116.86,117.38,116.33,117.01,21097370
116.81,116.91,116.28,116.53,19018844
117.1,117.74,117,117.61,19189694
117.96,118.36,117.31,118.26,34284501
114.31,115.7,113.31,115.59,56037814
115.39,115.86,114.1,114.5,22647683
113.86,115.21,113.45,113.72,31334377
113.65,114.23,113.2,113.56,20121122
113.46,113.77,110.53,111.49,36702388
111.4,112.35,111.23,111.6,23002755
110.98,111.46,109.55,109.82,21826879
108.53,110.25,108.11,108.84,25466882
110.1,110.51,109.46,110.41,26598058
110.31,111.72,109.7,111.06,20661519
109.88,111.32,108.05,110.88,48414780
111.08,111.09,105.83,107.79,50396362
107.12,108.87,106.55,108.42,29535607
107.71,107.809,104.08,105.7,44922624
106.57,107.68,106.1593,107.11,27342361
106.7,110.23,105.15,110.01,34086433
109.82,110.35,108.83,109.94,23538548
109.72,110.54,109.66,110.06,21775028
110.12,111.99,110.01,111.73,22945006
111.95,112.42,111.4,111.77,18575454
111.36,111.51,110.33,111.225,20866996
111.13,111.87,110.95,111.78,9630641
111.43,112.465,111.39,111.58,19275066
110.78,112.03,110.07,111.46,24141040
111.61,112.2,110.27,110.52,25114403
110.39,110.94,109.03,109.47,29694946
109.17,110.09,108.85,109.89,20479778
110,110.03,108.25,109.1,26882437
109.5,110.36,109.19,109.94,21727265
109.26,111.19,109.16,111.01,24588647
110.86,112.43,110.6,112.11,21747242
112.31,114.7,112.31,113.96,28959916
113.29,115,112.49,113.29,21593854
113.84,115.92,113.75,115.19,34528200
115.04,116.2,114.98,115.2,28192042
115.38,116.73,115.23,115.82,25218887
116.47,116.5,115.645,115.9725,28243005
115.8,117.38,115.75,116.63,19901427
116.74,117.5,116.68,116.95,14957431
116.8,117.4,116.78,117.06,15403089
116.35,116.51,115.64,116.29,20570076
115.59,116.52,115.59,116.51,11891714
116.52,117.8,116.49,117.25,15072408
117.52,118.0166,116.2,116.75,17231568
116.45,117.1095,116.4,116.73,12401068
116.65,117.2,115.43,115.84,23250152
115.8,116.33,114.76,116.14,23412285
115.85,116.51,115.75,116.02,16862947
115.92,116.8642,115.81,116.61,19224150
116.78,118.16,116.47,117.91,27286295
117.95,119.43,117.94,119,27277644
118.77,119.38,118.3,119.11,19410132
118.74,119.93,118.6,119.73,23055044
118.895,119.3,118.21,119.25,22972978
119.11,119.62,118.81,119.03,20561275
118.34,120.24,118.22,119.99,28121739
120,120.5,119.71,119.97,18562058
119.4,120.09,119.37,119.77,18277861
120.45,120.45,119.7346,119.99,22210074
120,120.81,119.77,120.09,18036518
119.55,120.1,119.5,119.97,19543692
120.42,122.1,120.28,121.9,27354401
121.67,122.44,121.6,121.94,18565665
122.14,122.35,121.6,121.72,16502185
120.93,121.62,120.66,121.56,25860686
121.15,121.39,120.62,121.3,35728353
127.03,130.49,127.01,128.75,94195072
127.975,129.39,127.78,128.51,27525463
128.31,129.19,128.16,129.07,19369683
129.13,130.5,128.92,130.29,22995070
130.54,132.09,130.45,131.51,31174732
131.35,132.22,131.22,132.04,18045554
131.66,132.445,131.12,132.41,19677132
132.46,132.94,132.06,132.12,15949884
133.08,133.82,132.75,133.29,18417870
133.43,135.09,133.25,135.01,25705409
135.52,136.27,134.62,135.51,28755654
135.67,135.9,134.8398,135.345,18654773
135.1,135.79,135.1,135.71,17075615
136.24,136.75,135.98,136.69,17736822
136.46,137.12,136.11,137.1,14681979
137.38,137.48,136.3,136.53,16962393
135.91,136.65,135.28,136.64,17604312
137.04,137.435,136.28,136.94,15751594
137.08,137.435,136.7,136.99,16460604
137.89,140.15,137.595,139.79,29942341
140,140.2786,138.76,138.93,21447349
138.78,139.83,138.59,139.77,15740950
139.365,139.77,138.5959,139.32,15047564
139.06,139.98,138.79,139.49,13954738
138.95,139.8,138.82,139.01,14375609
138.74,138.79,137.05,138.68,17114537
139.25,139.3571,138.64,139.15,15691521
138.85,139.43,138.82,139.19,12632553
139.3,139.65,138.84,138.98,12271676
139.41,140.7501,139.025,140.45,19589428
140.72,141.02,140.26,140.69,15847046
141,141,139.89,139.91,24755469
140.4,141.5,140.23,141.49,16443665
142.11,142.8,139.73,139.85,33192511
139.845,141.6,139.76,141.43,21608322
141.26,141.5844,140.61,140.92,17016586
141.39,141.74,140.35,140.63,17897125
139.39,141.22,138.62,140.88,18364935
140.91,144.04,140.62,143.81,27907420
143.68,144.49,143.19,144.16,23204631
144.19,144.5,143.5,143.92,16322791
143.72,144.27,143.01,143.67,14770213
143.71,144.12,143.05,143.7,15995121
143.25,144.89,143.17,144.76,16858913
144.22,145.46,143.81,144.02,23132460
144.29,144.52,143.45,143.67,17103902
143.73,144.18,143.27,143.34,13666990
143.6,143.8792,142.9,143.16,14311954
142.94,143.35,140.06,141.62,26300774
141.6,142.15,141.01,141.79,17472473
141.91,142.38,141.05,141.07,14659112
141.18,141.87,140.87,141.83,13269369
141.41,142.04,141.11,141.22,12122154
141.88,142,140.45,140.66,13575481
141.22,142.92,141.16,142.44,19117683
142.44,142.68,141.85,142.27,14016468
143.5,143.95,143.18,143.63,13471624
143.97,144.9,143.87,144.53,14715853
144.49,144.6,143.3762,143.66,16356698
143.91,144.16,143.31,143.79,10693032
144.09,144.3,143.27,143.64,14486944
145.1,147.2,144.96,146.56,25669350
147.54,148.09,146.84,147.47,31308344
145.59,147.49,144.27,147.06,38855247
146.55,147.14,145.81,146.54,18926882
146.76,148.98,146.76,148.96,22675122
149.03,153.7,149.03,153.01,42021943
153.87,154.88,153.45,153.98,31021760
153.63,153.94,152.11,153.26,21114207
152.45,154.07,152.31,153.94,18750732
154.7,156.42,154.67,156.1,28076625
156.01,156.65,155.05,155.68,19310853
155.94,156.06,154.72,155.47,15904981
153.6,154.57,149.71,150.2,42477277
151.27,153.34,151.13,152.51,28563533
153.38,153.98,152.63,153.05,22298019
154,154.58,152.91,153.96,18481365
154.9,154.9,153.31,153.8,16542846
153.84,154.17,152.67,153.3,16297773
153.73,154.35,153.03,153.91,16178281
153.81,154.24,153.31,153.59,13081679
153.42,154.43,153.33,153.67,14855753
153.97,154.17,152.38,152.77,16337532
153.17,153.33,152.22,153.18,12972062
153.59,155.45,152.89,155.45,22754620
154.34,154.45,153.46,153.93,20349569
153.9,155.81,153.78,154.45,21408385
155.01,155.98,154.48,155.37,17394656
155.25,155.54,154.4,154.92,15637031
155.19,155.19,146.02,148.97,55236738
145.6,146.09,142.51,145.4,61376480
147.16,147.45,145.15,146.59,25681034
147.5,147.5,143.84,145.16,26120738
143.32,144.4798,142.21,144.3,27152933
143.81,144.5,142.2,142.25,32949237
143.66,146.74,143.66,146.34,25567975
146.87,146.87,144.94,145.01,19663633
145.52,146.0693,144.61,145.87,15288655
145.75,146.7,145.1199,145.63,14313608
145.13,147.16,145.11,146.29,16286383
147.17,148.28,145.38,145.8,20971292
145.01,146.16,143.62,143.78,20690321
144.49,146.11,143.1601,145.83,17828374
144.71,145.13,142.28,143.67,26672398
144.45,144.96,143.78,144.03,16506309
144.88,145.3001,143.1,143.5,11093317
143.69,144.79,142.7237,144.09,16251764
143.02,143.5,142.41,142.72,19135204
142.9,144.75,142.9,144.17,14510249
144.11,145.95,143.37,145.09,16416536
144.73,145.85,144.38,145.55,14864556
145.87,146.18,144.82,145.77,19218623
145.5,148.49,145.44,147.78,21387519
147.97,149.33,147.33,149.04,16541594
148.82,150.9,148.57,149.6,18719011
149.2,150.13,148.67,150.08,14498680
150.48,151.42,149.95,151.02,16159904
151.5,151.74,150.19,150.35,13385671
149.99,150.44,148.88,150.3,17696752
150.58,152.44,149.9,152.11,16205032
151.8,153.84,151.8,152.75,15013054
153.35,153.93,153.06,153.5,11524332
153.78,153.99,147.3,150.55,27513361
149.94,150.23,149.19,149.49,13769301
149.9,150.33,148.13,148.77,14889914
149.1,150.22,148.41,150.05,21068988
159.28,159.75,156.16,157.15,56749144
157.05,157.21,155.02,155.51,22089302
156.07,157.4,155.69,156.34,17331799
157.06,158.92,156.6701,158.79,17348586
158.61,161.83,158.27,160.1,31403180
159.26,161.27,159.11,161.1,22294726
159.9,160,154.63,155.32,32603524
156.6,158.5728,156.07,157.49,22197629
159.32,160.21,158.75,159.78,17981174
160.66,162.195,160.14,161.64,24469208
161.98,162.51,160.15,160.92,22709694
160.52,160.71,157.84,157.86,22787527
157.86,159.5,156.72,157.51,23038087
157.5,157.89,155.1101,157.16,21205042
158.23,160,158.02,159.78,16593254
159.07,160.47,158.88,159.99,14898407
160.43,160.74,158.55,159.31,16082379
159.65,160.56,159.27,159.86,16889605
160.14,162,159.93,161.47,19034161
160.1,163.12,160,162.92,24838782
163.8,163.89,162.61,163.33,21970902
163.64,164.52,163.48,163.97,20894075
164.8,164.94,163.63,164.04,14075739
163.68,164.25,160.56,162.08,25106163
162.71,162.99,160.52,161.92,17058790
162.09,162.24,160.36,161.27,18577751
160.86,161.15,158.53,158.63,21135081
160.5,162.05,159.89,161.49,24593152
162.61,163.96,158.77,160.85,63257432
159.87,159.96,157.91,159.62,37745780
158.99,159.4,158.09,158.27,17796547
158.47,160.97,158,159.88,32782759
160.11,160.5,157.995,158.64,21048941
159.51,159.77,158.44,158.72,15561722
157.9,158.26,153.83,156.05,42348570
155.8,155.8,152.75,153.41,30401653
152.02,152.27,150.56,151.76,39677086
149.98,151.83,149.16,150.56,36684440
151.78,153.92,151.69,153.22,29052680
153.8,154.7189,153.54,154.2,20316622
153.83,154.28,152.7,153.26,18223355
153.23,154.13,152,154,20561699
154.26,154.45,152.72,153.81,15684788
154.01,155.09,153.91,154.47,13650401
153.63,153.86,152.46,153.47,16686621
154.18,155.44,154.05,155.4,16995504
154.97,155.49,154.56,155.29,13291696
155.81,156.73,155.485,155.82,12734240
156,158,155.1,155.9,12660667
155.97,156.98,155.75,156.54,13180834
156.35,157.37,155.7299,156.01,13605614
156.73,157.28,156.41,157.01,13251219
157.9,160,157.65,159.87,20070307
159.75,160.87,159.23,160.47,16059637
160.42,160.71,159.6,159.77,13668418
156.75,157.08,155.02,155.98,32669974
156.61,157.75,155.96,156.25,18427186
156.89,157.69,155.5,156.2,16418890
156.29,157.42,156.2,157.09,14016780
156.91,157.55,155.27,156.41,16016689
157.23,157.8295,156.78,157.42,12374254
159.29,163.6,158.7,163.03,36735155
163.89,168.07,163.72,166.72,37107049
167.9,169.6499,166.94,169.05,28536890
169.87,169.94,165.61,166.87,27873344
167.64,168.5,165.28,168.07,27624141
174,174.26,171.12,172.48,48908582
172.365,174.99,171.72,174.32,27765449
173.91,175.25,173.6,174.79,19694604
174.66,176.24,174.33,176.24,18728731
175.28,176.095,173.14,175.87,23800788
175.11,175.38,174.27,174.66,15442963
173.5,174.5,173.4,173.98,13706923
173.04,173.48,171.18,171.34,20215643
169.97,170.3197,168.38,169.09,23163666
171.18,171.87,170.3,171.1,17300298
171.04,171.39,169.64,170.11,17093245
170.29,170.56,169.56,169.99,11894851
170.78,173.7,170.78,173.13,18672611
173.44,175,173.05,174.94,18743511
175.1,175.5,174.6459,174.96,9071079
175.05,175.1,173.34,174.08,15534913
174.3,174.87,171.86,173,20125881
172.63,172.92,167.16,169.49,34373586
170.43,172.14,168.44,171.75,24465789
169.9,171.67,168.5,171,28912970
172.47,172.62,169.63,169.76,24866974
169.33,171.52,168.4,169.65,21377668
167.5,170.2047,166.46,169.05,21545899
169.03,170.44,168.91,169.33,19450089
170.49,171,168.82,169.36,18039550
169.2,172.89,168.79,172.66,23625893
172.15,172.39,171.461,171.73,14793147
172.63,173.54,172,172.31,18307475
172.43,173.13,171.65,172.22,16576895
172.81,174.17,172.46,173.88,26667725
174.92,177.2,174.86,176.43,21647216
175.03,175.39,174.09,174.53,21307511
174.87,175.42,173.25,174.36,17847200
174.17,176.02,174.1,175.01,15431929
174.68,175.424,174.5,175.05,11186150
170.8,171.47,169.679,170.57,27529613
170.1,170.78,169.71,170.58,16439823
171,171.85,170.48,171.07,13307218
170.71,170.71,169.22,169.3,19469267
170.16,172.3,169.26,172.26,20523941
172.53,174.55,171.96,172.18,23193409
172.54,173.47,172.08,173.02,17742231
173.44,175.37,173.05,174.96,18402859
174.31,175.61,173.93,174.34,15554212
174.55,175.06,173.41,174.33,17267132
173.16,174.3,173,174.245,19012396
174.59,175.4886,174.49,175.27,14222366
176.18,177.36,175.65,177,17956716
177.91,179.39,176.14,176.2,23154527
176.15,179.25,175.07,179.1,26958931
179.37,180.1,178.25,179.27,23144183
178.61,179.58,177.41,178.45,21452221
177.3,177.78,176.602,177.01,19801191
177.3,179.44,176.82,176.96,26523532
177.25,177.3,173.2,174.22,40325546
174.28,174.95,170.53,171.1,33340074
172,172,170.06,171.45,30510493
170.16,170.16,167.07,167.96,38802170
165.555,167.37,164.7,166.96,38306962
166.87,168.4417,166.5,167.47,24160485
167.165,168.62,166.76,167.7,29765526
166.47,166.8,160.1,160.41,67919941
159.1,163.88,156,156.49,59470254
154.91,163.72,154,163.06,54780528
163.085,163.4,159.0685,159.52,41035232
160.29,161,155.03,155.16,43609866
156.67,157.89,150.24,156.22,54464820
158.48,163.89,157.51,162.75,45978023
161.95,164.75,161.65,164.3451,26023893
163.045,167.54,162.88,167.36,32197106
169.79,173.09,169,173,43517636
172.36,174.82,171.77,172.45,33864874
172.07,174.26,171.42,171.85,27565605
172.83,174.12,171.01,171.01,30377663
171.85,173.95,171.71,172.61,26187505
173.67,175.65,173.54,175.56,28074124
176.35,179.39,176.21,178.98,30961837
179.1,180.48,178.16,178.34,32686808
179.33,180.615,178.05,178.13,26337414
178.54,179.775,172.66,174.95,41423985
172.8,176.3,172.45,176.28,31779596
175.21,177.74,174.52,176.83,22661785
177.91,178.25,176.13,176.68,19589517
175.15,175.85,174.27,175.02,25064495
175.48,177.12,175.07,176.95,19424129
177.96,180,177.39,179.96,25304044
180.29,182.39,180.21,181.73,27713861
182.57,183.5,179.24,179.95,26591337
180.32,180.52,177.81,178.485,24683076
178.5,180.24,178.0701,178.65,18598941
178.61,179.12,177.62,177.89,22076737
177.37,177.47,173.66,175.32,26080445
175.24,176.8,174.94,175.25,15303553
175.04,175.09,171.26,171.27,29835499
170,172.68,168.6,168.75,34791308
168.39,169.92,164.94,164.96,32035770
168.07,173.1,166.44,172.76,27980655
173.69,175.15,166.92,168.35,32610401
167.25,170.02,165.19,166.48,32621496
167.805,171.75,166.9,167.91,25762606
167.88,168.94,164.47,166.68,30080214
167.64,168.7455,164.88,168.39,23608807
164.88,172.01,164.77,171.58,27468450
172.58,174.2304,172.08,172.78,21288394
170.97,172.48,168.2,168.35,26793087
169.88,173.09,169.845,170.06,22345042
173,174,171.53,173.25,23471241
172.23,173.9232,171.7,172.44,18090913
173.41,175,173.04,174.16,18783496
174.76,175.84,173.85,174.73,18387042
175.0301,176.19,174.8301,175.82,18011687
176.49,178.9365,176.41,178.24,19446989
177.81,178.82,176.88,177.84,16089854
174.95,175.39,172.66,172.8,28152833
170.595,171.2184,165.43,165.72,54178001
166.8348,166.92,164.09,165.25,28220229
165.67,166.33,161.2201,162.94,28381103
162.62,165.42,162.41,163.7716,22795099
164.12,165.73,163.37,164.22,21898218
164,164.33,160.63,162.33,30193502
162.1302,167.26,161.84,165.26,32012814
166.4102,169.2,165.27,169,36454671
175.225,177.75,173.8,176.62,54314549
175.88,177.5,174.4411,176.91,28142461
178.25,184.25,178.17,183.83,47736638
185.18,187.67,184.75,185.1,36221788
184.99,186.22,183.665,186.04,21645147
186.58,187.4,185.22,187.24,18740306
187.74,190.37,187.65,190.03,23452024
189.49,190.06,187.45,188.59,18359973
189.01,189.53,187.86,188.17,14867957
186.78,187.07,185.1,186.44,18353467
186.07,188.46,186,188.19,15299288
188,188.91,186.36,186.99,13931428
187.19,187.8102,186.13,186.29,14080351
188,189.27,186.9106,187.61,14657411
188.375,188.88,186.78,187.31,10892693
186.35,188.5,185.76,188.45,13163973
188.77,188.84,186.21,188.21,15019898
188.23,189.65,187.65,188.58,13702107
187.6,188.75,186.87,187.86,17042382
187.72,188,186.78,187.5,14392159
187.25,188.23,186.14,186.88,16629099
187.9912,190.26,187.75,190.23,18945563
191.6,193.42,191.35,191.81,21384586
193.065,193.94,192.36,193.31,17150795
193.63,194.08,191.92,194.05,14723517
194.14,194.2,192.335,193.48,15194845
191.17,192,189.77,191.48,19848900
191.35,191.97,190.21,191.26,14652792
191.385,192.611,191.15,192.25,12611787
192.42,192.88,190.44,190.71,14937487
191.55,191.57,190.22,190.81,15777357
190.03,190.16,188.26,188.92,28467278
187.88,189.22,187.2,188.76,12508865
185.26,186.33,183.45,185.77,24443783
186.35,187.2,185.73,186.5,15060518
187.25,188.35,184.94,185.47,16736811
185.91,186.15,184.7,184.92,12745954
183.4,184.92,180.73,182.18,23549810
182.89,186.53,182.54,184.44,18733475
185.2278,187.28,184.03,184.165,19664360
184.1,186.21,183.8,185.51,13497782
186.29,187.19,182.91,182.91,14503193
183.82,187.3,183.42,187.15,13335802
187.79,187.95,183.54,183.64,10840264
185.26,186.41,184.28,185.38,12922262
185.42,188.434,185.2,187.98,13353148
189.5,190.68,189.3,190.61,14632953
190.71,191.28,190.1801,190.35,11688121
188.5,189.7799,187.61,187.93,13470057
189.53,191.41,189.31,191.04,13311692
191.08,191.84,190.9,191.33,9533809
191.52,192.65,190.415,190.92,11046180
189.75,191.87,189.2,191.47,11045518
191.78,191.8,189.93,190.4,10596028
189.7,192.55,189.69,191.97,14036840
191.76,192.43,190.17,191.67,13337496
190.68,191.96,189.56,191.6,10880167
192.45,193.6601,192.05,192.99,13299653
193.0602,194.85,192.43,194.82,12525375
194.61,195.96,193.61,194.23,14241029
194.99,195.19,190.1,190.98,18520705
191.9,192.2,189.07,189.94,15726885
190.34,192.14,189.34,190.58,23827866
199.13,201.76,197.31,201.62,55058201
200.58,208.38,200.35,207.38,52607314
207.03,208.74,205.4803,207.98,26246694
208,209.25,207.07,209.06,20174048
209.32,209.5,206.76,207.11,20857548
206.09,207.81,204.52,207.25,16545228
207.28,209.78,207.2,208.89,18767039
207.36,209.1,206.67,207.55,18212953
207.7,210.952,207.7,208.86,21242149
210.155,210.56,208.26,209.76,14731443
209.22,210.74,208.33,210.3,22393387
211.75,213.8121,211.47,213.48,21207805
213.44,217.95,213.16,217.61,28900675
218.1,219.18,215.11,215.45,23264202
216.8,217.19,214.025,215.06,20519450
214.1,216.36,213.84,215.06,14190013
214.65,217.05,214.6,215.58,14354885
216.6,216.9,215.11,216.14,13508061
217.15,218.74,216.33,217.99,15634971
219.01,220.54,218.92,219.71,18414478
220.15,223.49,219.41,222.98,21467701
223.25,228.26,222.4,225.07,40292721
226.51,228.87,226.21,227.51,30059736
228.41,229.18,226.63,228.36,20702933
228.99,229.67,225.1,226.87,25898450
226.23,227.35,221.3,223.12,27250729
221.85,225.37,220.71,221.42,29596507
220.96,221.85,216.47,218.3402,29370268
218.01,224.299,216.56,223.86,27700011
224.94,225,219.84,221.06,39249350
223.52,228.35,222.57,226.4,31575373
225.75,226.84,222.522,223.64,23562371
222.15,222.95,217.27,217.89,28375627
217.79,221.85,217.12,218.24,24147467
218.5,219.62,215.3,218.34,20793048
220.32,222.28,219.15,220.04,19407352
220.57,221.36,217.29,217.655,35567117
216.82,221.26,216.63,220.79,19526076
219.75,222.82,219.7,222.19,15917628
221,223.75,219.76,220.51,17135872
223.79,226.44,223.54,225.09,21761696
224.79,225.84,224.02,225.76,15106196
227.95,229.42,226.35,227.27,16337487
227.25,230,226.63,229.29,18374731
230.05,233.47,229.78,232.1,21649962
230.78,232.35,226.73,227.99,23764631
227.96,228.41,220.58,224.26,25806520
222.21,224.8,220.2,223.76,21084112
223.63,227.27,222.2462,226.87,19672102
225.46,226.35,216.05,216.39,29815295
214.52,219.5,212.32,214.45,38787008
220.42,222.88,216.84,222.11,28354162
221.16,221.83,217.27,217.28,22403259
218.93,222.99,216.7627,222.13,21865043
222.3,222.64,219.34,221.2,16169647
217.86,219.74,213,216.12,23483746
219.16,221.26,217.43,219.3,23788682
219.79,223.36,218.94,220.59,23781840
215.83,223.25,214.7,222.9,36787089
222.6,224.23,214.54,215.06,36197804
217.71,222.44,216.75,219.85,22758164
215.9,220.19,212.67,216.03,41258595
219.255,219.69,206.09,212.55,36069395
211.15,215.18,209.27,213.33,29704603
216.88,220.45,216.62,218.75,31900983
219.07,222.36,216.81,222.05,40261246
209.55,213.89,205.43,206.14,82917876
204.3,204.39,198.17,201.59,51670747
201.92,204.72,201.69,203.78,27934956
205.89,210.01,204.13,209.91,26705827
209.94,210.12,206.75,208.49,19216333
205.55,206.01,202.25,204.47,23852926
198.9,199.85,193.79,194.2,40614690
191.63,197.18,191.4501,192.23,35553485
193.9,194.48,185.93,186.76,57202350
188.39,193.99,186.9,191.5,42306727
190.5,194.9695,189.46,193.58,34044307
190,190.7,184.99,185.85,37092706
178.37,181.47,175.51,177.01,63109179
179.73,180.27,176.55,176.82,27395649
174.94,176.595,172.1,172.25,21939557
174.24,174.95,170.26,174.58,40367186
171.51,174.77,170.88,174.245,37132335
176.73,181.29,174.93,180.96,42264101
182.66,182.8,177.7,179.55,38797596
180.29,180.33,177.03,178.6,28559844
184.46,184.94,181.21,184.93,35606774
180.95,182.3899,176.27,176.67,35659368
171.76,174.78,170.42,174.77,38911135
173.49,174.49,168.3,168.38,37358874
165,170.09,163.33,169.61,57206552
171.66,171.79,167,168.67,41305424
170.4,171.92,169.02,169.04,30803351
170.49,172.57,169.22,170.82,29424166
169,169.08,165.28,165.4,36692953
165.45,168.35,162.73,163.97,37985427
165.38,167.53,164.39,165.87,29845988
166,167.45,158.7,160.76,41382586
160.4,162.11,155.3,156.84,58947341
156.86,158.16,149.63,150.85,72723677
148.15,151.55,146.44,146.62,34312501
148.3,157.22,146.72,157.18,52488787
155.84,156.77,150.07,156.12,46950454
157.47,158.52,154.55,156.07,37588889
158.53,159.36,156.51,156.7,29014557
154.89,158.85,154.23,157.5225,27803621
143.98,145.72,142,142.29,82418448
144.53,148.5499,143.8,148.12,51267225
148.7,148.83,145.9,147.91,49982480
149.56,151.82,148.52,150.63,36592406
151.29,154.53,149.63,153.37,40827842
152.5,153.97,150.86,153.55,32553301
152.88,153.7,151.51,152.0534,22850904
150.85,151.27,149.22,149.76,26038136
150.27,153.39,150.05,152.95,25862287
153.08,155.88,153,154.91,27032885
154.2,157.66,153.26,155.53,26717099
157.5,157.88,155.9806,156.57,30450605
156.41,156.73,152.62,152.93,24086204
154.15,155.14,151.7,153.6799,20246607
154.11,154.48,151.74,152.63,20669415
155.48,158.13,154.32,157.5,29575048
155.79,156.28,153.66,156.0878,22270959
156.25,158.13,154.11,154.5,30723484
163.25,166.15,160.23,165.49,49026033
166.11,169,164.56,166.6249,31699885
166.96,168.98,165.93,166.62,25342728
167.41,171.655,167.28,170.99,26912592
172.86,175.08,172.3501,174.01,31860037
174.65,175.57,172.8531,174.1699,25696142
172.4,173.94,170.34,170.64,28233078
168.99,170.66,168.42,170.04,20428524
171.05,171.21,169.25,169.43,17954651
170.1,171,169.7,170.7384,18989903
171.39,172.48,169.92,169.98,19353125
169.71,171.2615,169.38,170.98,18263570
171.25,171.7,169.75,170.25,22555013
169.71,171.44,169.49,170.8499,16672024
171.19,173.32,170.99,172.09,22461151
171.8,172.37,170.3,171.14,15647117
171.58,173,171.38,172.97,15245361
174.16,175.87,173.95,174.26,19540227
173.71,175.3,173.1732,174.35,14716104
173.26,175,172.73,174.88,22408692
174.32,174.91,172.92,173.2,19815729
174.28,175.15,172.89,174.97,20830861
175.69,177.75,173.97,175.86,24195978
175.94,176,174.54,175.51,15413946
174.67,175.49,173.94,174.51,17535168
174.02,174.44,172.02,172.47,20110131
170.32,173.07,169.5,172.92,19475688
175.49,179.12,175.35,178.98,26225966
180,182.67,179.37,180.94,27277399
182.25,183.3,180.92,181.72,23960992
183.9,184.1,182.56,183.73,19457731
184.85,187.33,183.74,186.21,38003490
185.8,188.39,185.79,188.03,22563772
188.35,188.99,185.92,186.54,26863005
186.23,189.49,184.73,188.17,26974003
190.02,196.33,189.81,195.05,42838789
195.34,197.69,190.78,191.06,38334323
191.55,191.98,186.6,188.77,40742481
191.64,192.88,184.58,186.79,43454017
188.75,189.76,186.55,188.47,26586290
188.95,189.559,187.53,188.71,19309376
189.99,190.08,188.54,189.94,18489986
191.64,191.68,188.38,191.24,16275478
191.09,194.46,191.05,194.04,19797454
193.25,196.5,193.15,195.35,19793141
194.79,196.37,193.14,195.72,17091108
196.45,197.1,195.93,196.97,15842943
196.42,200.23,196.34,200.08,23231403
200.32,202.85,199.23,199.5,32840959
198.68,200.74,198.18,200.66,19861942
200.85,201,198.4431,198.95,17931789
199.2,200.14,196.21,198.88,24667735
198.58,199.85,198.01,199.23,14551176
199.46,201.37,198.56,199.25,24002891
199.54,203.38,198.61,203.12,27366117
203.12,204.15,202.52,203.86,21928367
202.83,204.94,202.34,204.64,13720923
204.43,207.75,203.9,207.51,19401417
207.36,208.48,207.05,207.18,14914939
206.83,207.76,205.12,205.24,15908807
204.9,205,202.12,204.29,16315669
204.4,205.97,203.86,204.61,19641066
203.06,203.4,199.11,200.57,35362106
209.88,215.31,209.23,210.52,57751414
209.84,212.65,208.13,209.17,29014844
210.74,211.84,210.23,211.78,17987793
204.29,208.84,203.5,208.6,28949691
205.88,207.4175,200.825,202.86,34328425
201.9,205.34,201.75,202.9,22729670
200.4,201.68,196.66,200.72,32427147
197.419,198.85,192.77,197.3,36118438
187.71,189.48,182.85,185.72,50491792
186.41,189.7,185.41,188.65,31498214
186.27,191.75,186.02,190.92,23655393
189.91,192.4689,188.84,190.14,28660083
186.93,190.9,186.76,188.98,29246990
183.52,184.349,180.2839,183.09,33285709
185.22,188,184.7,186.59,23901501
184.66,185.71,182.55,182.79,26540561
179.8,180.54,177.81,179.67,31272923
180.2,182.14,178.62,179.06,21514327
178.9,180.59,177.91,178.17,22515281
176.42,179.35,176,177.35,26177083
177.95,179.23,176.67,178.25,19579368
176.22,177.985,174.99,175,22909538
175.6,177.92,170.27,173.28,36721281
175.44,179.83,174.52,179.67,27174311
184.28,184.99,181.14,182.541,26260553
183.08,185.47,182.1489,185.23,18504740
186.51,191.92,185.77,190.14,26413228
191.81,195.37,191.62,192.52,23763115
194.82,196,193.6,194.81,22631965
193.95,195.97,193.385,194.19,16299683
194.7,196.79,193.6,194.74,35633462
191.545,193.5863,190.3,192.745,31598181
192.9,194.96,192.17,193.95,12831457
196,200.29,195.21,198.5,23433567
199.68,199.88,197.31,197.86,17581620
200.37,200.61,198.03,199.3794,18470638
198.8,200.85,198.15,198.8,30026975
198.54,200.16,198.17,198.55,14762379
198.43,199.26,195.29,195.57,18361798
197.83,200.99,197.35,199.8,22499633
200.29,201.57,199.57,199.73,15460769
199.24,199.4,197.05,197.92,18773228
203.17,204.49,200.65,201.68,24084814
201.41,203.1323,201.36,202.71,15693876
203.27,204.44,202.6901,204.41,9285267
203.35,205.08,202.9,204.25,14933941
200.81,201.4,198.41,200.01,21987224
199.2,201.51,198.81,201.22,17767726
201.91,203.73,201.56,203.21,15191489
203.31,204.39,201.72,201.74,16021915
202.45,204,202.2,203.24,15491297
